exit_area_ratio,target_fraction,target_shock_area_ratio,exact_back_pressure_ratio,surrogate_back_pressure_ratio,newton_iterations,shock_target_abs_error,back_pressure_abs_error,analytic_gradient,finite_difference_gradient,gradient_relative_difference
2.0,0.25,1.25,0.8237152451573068,0.822488902565881,5,8.881784197001252e-15,0.001226342591425733,-1.686999808214073,-1.6869998089496632,4.360345813151257e-10
2.0,0.5,1.5,0.7044519779223268,0.7027207358259719,4,2.2315482794965646e-13,0.0017312420963548902,-2.4909226260145876,-2.4909226257511223,1.0577014592635537e-10
2.0,0.75,1.75,0.6021733039334006,0.6044335164266305,4,1.2163781093477155e-10,0.0022602124932298295,-2.4750990123749133,-2.4750990127550656,1.5359076630116987e-10
3.25,0.25,1.5625,0.7343624318790101,0.7337768391878844,4,1.9183996613492127e-09,0.0005855926911256804,-2.625197725953799,-2.6251977260947554,5.369370022705147e-11
3.25,0.5,2.125,0.5588744256673902,0.5581426612284274,5,5.773159728050814e-14,0.0007317644389628342,-3.9070191695623295,-3.907019170215065,1.6706742784627473e-10
3.25,0.75,2.6875,0.44003014168467824,0.44026416065183616,6,1.176836406102666e-13,0.00023401896715791182,-5.686463163894499,-5.68646316171775,3.8279480536051533e-10
4.5,0.25,1.875,0.645236252738969,0.6482145876844172,4,1.6631140908884845e-13,0.002978334945448191,-3.3684593609990925,-3.368459361117345,3.510581729234792e-11
4.5,0.5,2.75,0.45573645744913166,0.45397479126310575,6,4.440892098500626e-15,0.001761666186025912,-6.47203674171504,-6.472036742976546,1.9491645442552e-10
4.5,0.75,3.625,0.343563685461677,0.34483284283703014,6,6.575628930249877e-12,0.0012691573753531582,-8.893883775243832,-8.893883787421935,1.3692670573837641e-09
